Workbook

Sheet DI_Futuro
A1: Label | B1: Ticker BBG | C1: Field | D1: Descrição | E1: DU
A2: 46048 | B2: DI1F26 COMB Comdty | C2: PX_LAST | D2: Venc. jan 2026 | E2: =NETWORKDAYS(TODAY(),DATE(2026,1,2)) -> -103
A3: 46229 | B3: DI1N26 COMB Comdty | C3: PX_LAST | D3: Venc. jul 2026 | E3: =NETWORKDAYS(TODAY(),DATE(2026,7,1)) -> 27
A4: 46049 | B4: DI1F27 COMB Comdty | C4: PX_LAST | D4: Venc. jan 2027 | E4: =NETWORKDAYS(TODAY(),DATE(2027,1,4)) -> 160
A5: 46230 | B5: DI1N27 COMB Comdty | C5: PX_LAST | D5: Venc. jul 2027 | E5: =NETWORKDAYS(TODAY(),DATE(2027,7,1)) -> 288
A6: 46050 | B6: DI1F28 COMB Comdty | C6: PX_LAST | D6: Venc. jan 2028 | E6: =NETWORKDAYS(TODAY(),DATE(2028,1,3)) -> 420
A7: 46051 | B7: DI1F29 COMB Comdty | C7: PX_LAST | D7: Venc. jan 2029 | E7: =NETWORKDAYS(TODAY(),DATE(2029,1,2)) -> 681
A8: 46053 | B8: DI1F31 COMB Comdty | C8: PX_LAST | D8: Venc. jan 2031 | E8: =NETWORKDAYS(TODAY(),DATE(2031,1,2)) -> 1203
A9: 12055 | B9: DI1F33 COMB Comdty | C9: PX_LAST | D9: Venc. jan 2033 | E9: =NETWORKDAYS(TODAY(),DATE(2033,1,3)) -> 1725

Sheet NTNB
A1: Label | B1: Ticker BBG | C1: Field | D1: Descrição
A2: Mai/26 | B2: BRCOTF26 Corp | C2: YLD_YTM_MID | D2: NTN-B mai 2026
A3: Ago/28 | B3: BRCOTQ28 Corp | C3: YLD_YTM_MID | D3: NTN-B ago 2028
A4: Mai/31 | B4: BRCOTF31 Corp | C4: YLD_YTM_MID | D4: NTN-B mai 2031
A5: Mai/35 | B5: BRCOTF35 Corp | C5: YLD_YTM_MID | D5: NTN-B mai 2035
A6: Mai/40 | B6: BRCOTF40 Corp | C6: YLD_YTM_MID | D6: NTN-B mai 2040
A7: Mai/45 | B7: BRCOTF45 Corp | C7: YLD_YTM_MID | D7: NTN-B mai 2045
A8: Ago/50 | B8: BRCOTQ50 Corp | C8: YLD_YTM_MID | D8: NTN-B ago 2050
A9: Mai/55 | B9: BRCOTF55 Corp | C9: YLD_YTM_MID | D9: NTN-B mai 2055

Sheet FX
A1: Label | B1: Ticker BBG | C1: Field | D1: Descrição
A2: USD/BRL | B2: USDBRL Curncy | C2: PX_LAST | D2: Dólar spot
A3: EUR/BRL | B3: EURBRL Curncy | C3: PX_LAST | D3: Euro em real
A4: EUR/USD | B4: EURUSD Curncy | C4: PX_LAST | D4: Euro em dólar
A5: GBP/USD | B5: GBPUSD Curncy | C5: PX_LAST | D5: Libra em dólar
A6: USD/JPY | B6: USDJPY Curncy | C6: PX_LAST | D6: Dólar em iene
A7: USD/CNY | B7: USDCNY Curncy | C7: PX_LAST | D7: Dólar em yuan
A8: DXY | B8: DXY Curncy | C8: PX_LAST | D8: Índice dólar

Sheet Treasuries
A1: Label | B1: Ticker BBG | C1: Field | D1: Descrição
A2: 2y | B2: USGG2YR Index | C2: PX_LAST | D2: Treasury 2 anos
A3: 3y | B3: USGG3YR Index | C3: PX_LAST | D3: Treasury 3 anos
A4: 5y | B4: USGG5YR Index | C4: PX_LAST | D4: Treasury 5 anos
A5: 7y | B5: USGG7YR Index | C5: PX_LAST | D5: Treasury 7 anos
A6: 10y | B6: USGG10YR Index | C6: PX_LAST | D6: Treasury 10 anos
A7: 20y | B7: USGG20YR Index | C7: PX_LAST | D7: Treasury 20 anos
A8: 30y | B8: USGG30YR Index | C8: PX_LAST | D8: Treasury 30 anos

Sheet EXPORT
A1: Tipo | B1: Label | C1: Value | D1: Extra
A2: di | B2: =DI_Futuro!A2 -> 46048 | C2: =DI_Futuro!C2 -> PX_LAST | D2: =DI_Futuro!E2 -> -103
A3: di | B3: =DI_Futuro!A3 -> 46229 | C3: =DI_Futuro!C3 -> PX_LAST | D3: =DI_Futuro!E3 -> 27
A4: di | B4: =DI_Futuro!A4 -> 46049 | C4: =DI_Futuro!C4 -> PX_LAST | D4: =DI_Futuro!E4 -> 160
A5: di | B5: =DI_Futuro!A5 -> 46230 | C5: =DI_Futuro!C5 -> PX_LAST | D5: =DI_Futuro!E5 -> 288
A6: di | B6: =DI_Futuro!A6 -> 46050 | C6: =DI_Futuro!C6 -> PX_LAST | D6: =DI_Futuro!E6 -> 420
A7: di | B7: =DI_Futuro!A7 -> 46051 | C7: =DI_Futuro!C7 -> PX_LAST | D7: =DI_Futuro!E7 -> 681
A8: di | B8: =DI_Futuro!A8 -> 46053 | C8: =DI_Futuro!C8 -> PX_LAST | D8: =DI_Futuro!E8 -> 1203
A9: di | B9: =DI_Futuro!A9 -> 12055 | C9: =DI_Futuro!C9 -> PX_LAST | D9: =DI_Futuro!E9 -> 1725
A10: ntnb | B10: =NTNB!A2 -> Mai/26 | C10: =NTNB!C2 -> YLD_YTM_MID
A11: ntnb | B11: =NTNB!A3 -> Ago/28 | C11: =NTNB!C3 -> YLD_YTM_MID
A12: ntnb | B12: =NTNB!A4 -> Mai/31 | C12: =NTNB!C4 -> YLD_YTM_MID
A13: ntnb | B13: =NTNB!A5 -> Mai/35 | C13: =NTNB!C5 -> YLD_YTM_MID
A14: ntnb | B14: =NTNB!A6 -> Mai/40 | C14: =NTNB!C6 -> YLD_YTM_MID
A15: ntnb | B15: =NTNB!A7 -> Mai/45 | C15: =NTNB!C7 -> YLD_YTM_MID
A16: ntnb | B16: =NTNB!A8 -> Ago/50 | C16: =NTNB!C8 -> YLD_YTM_MID
A17: ntnb | B17: =NTNB!A9 -> Mai/55 | C17: =NTNB!C9 -> YLD_YTM_MID
A18: fx | B18: =FX!A2 -> USD/BRL | C18: =FX!C2 -> PX_LAST
A19: fx | B19: =FX!A3 -> EUR/BRL | C19: =FX!C3 -> PX_LAST
A20: fx | B20: =FX!A4 -> EUR/USD | C20: =FX!C4 -> PX_LAST
A21: fx | B21: =FX!A5 -> GBP/USD | C21: =FX!C5 -> PX_LAST
A22: fx | B22: =FX!A6 -> USD/JPY | C22: =FX!C6 -> PX_LAST
A23: fx | B23: =FX!A7 -> USD/CNY | C23: =FX!C7 -> PX_LAST
A24: fx | B24: =FX!A8 -> DXY | C24: =FX!C8 -> PX_LAST
A25: treasury | B25: =Treasuries!A2 -> 2y | C25: =Treasuries!C2 -> PX_LAST
A26: treasury | B26: =Treasuries!A3 -> 3y | C26: =Treasuries!C3 -> PX_LAST
A27: treasury | B27: =Treasuries!A4 -> 5y | C27: =Treasuries!C4 -> PX_LAST
A28: treasury | B28: =Treasuries!A5 -> 7y | C28: =Treasuries!C5 -> PX_LAST
A29: treasury | B29: =Treasuries!A6 -> 10y | C29: =Treasuries!C6 -> PX_LAST
A30: treasury | B30: =Treasuries!A7 -> 20y | C30: =Treasuries!C7 -> PX_LAST
A31: treasury | B31: =Treasuries!A8 -> 30y | C31: =Treasuries!C8 -> PX_LAST
